id;prenom;nom;date_embauche;specialite;email;telephone
1;près de;fourbe malgré bof;2024-11-29;représenter à l'instar de rose;Gaud_Poirier@gmail.com;0215748275
2;touriste;vivace;2024-11-29;au cas où direction;Jude_Charpentier4@yahoo.fr;+33 400980711
3;jeune enfant;guère d’autant que;2024-11-29;près de envers;Clement.Noel@gmail.com;0429298364
4;encore;jusque engloutir;2024-11-29;pschitt ainsi;Albert.Gonzalez88@yahoo.fr;0486674627
5;sans doute camarade;à peine assurément;2024-11-29;crac sitôt;Asterie40@hotmail.fr;+33 480746807
6;fêter alimenter serviable;si bien que pacifique placide;2024-11-29;électorat déborder en guise de;Alcide_Girard@gmail.com;0480097635
7;ronron;dès que vite soudain;2024-11-29;membre à vie broum pressentir;Xavier_Garcia@yahoo.fr;0242276182
8;habile;même si que tout à fait;2024-11-29;clac;Avoye_Lacroix91@hotmail.fr;+33 232438942
9;ici équilibrer;à moins de;2024-11-28;tant que;Aristide.Charpentier@hotmail.fr;+33 221436244
10;porte-parole suffire;bof conseil d’administration;2024-11-29;conseil municipal chef rater;Leon.Hubert@hotmail.fr;0620351712
