id;prenom;nom;date_naissance;adresse;email;telephone
1;membre de l’équipe;immense percer;2024-11-29;habile;Venance17@gmail.com;+33 519468469
2;mélancolique drelin;préférer;2024-11-28;gratis répondre formuler;Thibault28@yahoo.fr;0745260055
3;avant-hier miaou;en faveur de insolite blême;2024-11-29;rédaction grrr croâ;Alix.Gonzalez@hotmail.fr;+33 201018016
4;débattre vlan;hé porte-parole;2024-11-29;rectorat;Adonis_Jacquet31@gmail.com;+33 660484837
5;splendide dessus infiniment;aïe antique;2024-11-29;membre titulaire hirsute;Alix_Martin0@gmail.com;+33 485333943
6;tantôt;debout;2024-11-29;toutefois préserver;Alcime.Henry58@gmail.com;+33 530340956
7;chez pauvre menacer;jamais;2024-11-28;secours;Rejean71@hotmail.fr;+33 733750842
8;gai;hebdomadaire à peine appuyer;2024-11-29;plouf du fait que;Violette_Lemaire16@hotmail.fr;0133722099
9;derrière ouin;dring vu que zzzz;2024-11-29;dring longtemps;Abdon43@hotmail.fr;0477113491
10;serviable aussi bè;brave ouin ronron;2024-11-29;aborder tant que dessus;Aube.Dupont@hotmail.fr;0545916945
